{"cameraMode":{"drawMode":0,"name":"Shaded","section":"Shading Mode"},"sceneLighting":true,"audioPlay":false,"sceneViewState":{"showFog":false,"showMaterialUpdate":false,"showSkybox":true,"showFlares":true,"showImageEffects":true,"showParticleSystems":true},"in2DMode":false,"pivot":{"x":-1.4683334827423096,"y":1.295212984085083,"z":-1.4673786163330079},"rotation":{"x":-0.049370456486940387,"y":0.12908120453357697,"z":-0.006456351839005947,"w":-0.9904210567474365},"size":6.693604469299316,"orthographic":false}