{"cameraMode":{"drawMode":0,"name":"Shaded","section":"Shading Mode"},"sceneLighting":true,"audioPlay":false,"sceneViewState":{"m_AlwaysRefresh":false,"showFog":false,"showSkybox":true,"showFlares":true,"showImageEffects":true,"showParticleSystems":true,"showVisualEffectGraphs":true,"m_FxEnabled":true},"in2DMode":false,"pivot":{"x":5.960464477539063e-8,"y":1.0499999523162842,"z":0.37248778343200686},"rotation":{"x":0.10474716871976853,"y":-0.23458579182624818,"z":0.025438683107495309,"w":0.9661081433296204},"size":2.918180465698242,"orthographic":false}