{"cameraMode":{"drawMode":0,"name":"Shaded","section":"Shading Mode"},"sceneLighting":true,"audioPlay":false,"sceneViewState":{"m_AlwaysRefresh":false,"showFog":false,"showSkybox":true,"showFlares":true,"showImageEffects":true,"showParticleSystems":true,"showVisualEffectGraphs":true,"m_FxEnabled":true},"in2DMode":false,"pivot":{"x":5.960464477539063e-8,"y":1.0499999523162842,"z":0.37248778343200686},"rotation":{"x":0.20781028270721436,"y":-0.13856860995292664,"z":0.02975703403353691,"w":0.9678585529327393},"size":2.918180465698242,"orthographic":false}