{"cameraMode":{"drawMode":0,"name":"Shaded","section":"Shading Mode"},"sceneLighting":true,"audioPlay":false,"sceneViewState":{"m_AlwaysRefresh":false,"showFog":false,"showSkybox":true,"showFlares":true,"showImageEffects":true,"showParticleSystems":true,"showVisualEffectGraphs":true,"m_FxEnabled":true},"in2DMode":false,"pivot":{"x":5.960464477539063e-8,"y":1.0499999523162842,"z":0.37248778343200686},"rotation":{"x":0.20640504360198975,"y":-0.26308006048202517,"z":0.05773557350039482,"w":0.940678596496582},"size":2.918180465698242,"orthographic":false}